,Unnamed: 0,TravelTime,Latitude,Longitude,People
0,0,53.35500663608268,37.712016,-122.502281,29.890237822591615
1,1,50.83981046072206,37.712016,-122.498481,29.890237822591615
2,2,50.37307501638693,37.712016,-122.494681,29.890237822591615
3,3,53.12136799203159,37.712016,-122.49088100000002,29.890237822591615
4,4,51.41212536001527,37.712016,-122.48708100000002,29.890237822591615
5,5,49.36848350184376,37.712016,-122.48328100000002,29.890237822591615
6,6,46.45129016887051,37.712016,-122.47948100000002,29.890237822591615
7,7,43.14401292916236,37.712016,-122.47568100000002,29.890237822591615
8,8,40.38387177691829,37.712016,-122.47188100000002,29.890237822591615
9,9,40.41344105876498,37.712016,-122.46808100000004,29.890237822591615
10,10,41.81574828988509,37.712016,-122.46428100000004,29.890237822591615
11,11,42.94827751133608,37.712016,-122.46048100000004,34.33865441759872
12,12,43.763298373525714,37.712016,-122.45668100000005,34.33865441759872
13,13,46.01631699736047,37.712016,-122.45288100000003,34.33865441759872
14,14,48.43033770380745,37.712016,-122.44908100000004,34.33865441759872
15,15,48.17254940725857,37.712016,-122.44528100000004,34.33865441759872
16,16,50.28026707975206,37.712016,-122.44148100000004,34.33865441759872
17,17,51.9474655761609,37.712016,-122.43768100000004,34.33865441759872
18,18,54.83059729565495,37.712016,-122.43388100000004,34.33865441759872
19,19,54.17586247321631,37.712016,-122.43008100000004,34.33865441759872
20,20,51.970649329318334,37.712016,-122.42628100000005,33.168018471544215
21,21,52.12572580633945,37.712016,-122.42248100000003,33.168018471544215
22,22,48.39954107290808,37.712016,-122.41868100000003,33.168018471544215
23,23,45.505210868434695,37.712016,-122.41488100000004,33.168018471544215
24,24,42.8435431247211,37.712016,-122.41108100000004,33.168018471544215
25,25,41.90235556790928,37.712016,-122.40728100000004,33.168018471544215
26,26,39.86180791360812,37.712016,-122.40348100000006,33.168018471544215
27,27,41.81067847473884,37.712016,-122.39968100000006,33.168018471544215
28,28,45.14355709939783,37.712016,-122.39588100000006,33.168018471544215
29,29,49.95582324186824,37.712016,-122.39208100000006,33.168018471544215
30,30,54.843751077630806,37.712016,-122.38828100000006,33.168018471544215
31,31,59.89853919140067,37.712016,-122.38448100000006,33.168018471544215
32,32,48.60628964085437,37.715816,-122.502281,29.890237822591615
33,33,45.809079100214745,37.715816,-122.498481,29.890237822591615
34,34,45.62921486746155,37.715816,-122.494681,29.890237822591615
35,35,50.938286988179215,37.715816,-122.49088100000002,29.890237822591615
36,36,49.453228023587,37.715816,-122.48708100000002,29.890237822591615
37,37,45.75953752189641,37.715816,-122.48328100000002,29.890237822591615
38,38,41.82346380904158,37.715816,-122.47948100000002,29.890237822591615
39,39,39.82060131469258,37.715816,-122.47568100000002,29.890237822591615
40,40,35.58483432275248,37.715816,-122.47188100000002,34.33865441759872
41,41,39.37674701955869,37.715816,-122.46808100000004,34.33865441759872
42,42,40.91905319497535,37.715816,-122.46428100000004,34.33865441759872
43,43,43.56874876162181,37.715816,-122.46048100000004,34.33865441759872
44,44,45.81192090875836,37.715816,-122.45668100000005,34.33865441759872
45,45,45.90599921143649,37.715816,-122.45288100000003,34.33865441759872
46,46,45.99708153291251,37.715816,-122.44908100000004,34.33865441759872
47,47,49.89894121389232,37.715816,-122.44528100000004,34.33865441759872
48,48,45.015956008622055,37.715816,-122.44148100000004,34.33865441759872
49,49,48.97520060929209,37.715816,-122.43768100000004,34.33865441759872
50,50,52.16447705405693,37.715816,-122.43388100000004,34.33865441759872
51,51,54.10376513973984,37.715816,-122.43008100000004,34.33865441759872
52,52,54.921458363611215,37.715816,-122.42628100000005,33.168018471544215
53,53,54.52074828195548,37.715816,-122.42248100000003,33.168018471544215
54,54,49.77001556665006,37.715816,-122.41868100000003,33.168018471544215
55,55,47.18738306943207,37.715816,-122.41488100000004,33.168018471544215
56,56,47.06738021900041,37.715816,-122.41108100000004,33.168018471544215
57,57,45.80578178153026,37.715816,-122.40728100000004,33.168018471544215
58,58,41.408391865125466,37.715816,-122.40348100000006,33.168018471544215
59,59,38.46510356280523,37.715816,-122.39968100000006,33.168018471544215
60,60,42.96309885990006,37.715816,-122.39588100000006,33.168018471544215
61,61,48.24995754149702,37.715816,-122.39208100000006,33.168018471544215
62,62,53.58483461282449,37.715816,-122.38828100000006,33.168018471544215
63,63,58.33147559707341,37.715816,-122.38448100000006,33.168018471544215
64,64,,37.715816,-122.38068100000008,33.168018471544215
65,65,46.86315258982231,37.719616,-122.502281,29.890237822591615
66,66,45.66985798072572,37.719616,-122.498481,29.890237822591615
67,67,49.6685716794115,37.719616,-122.494681,29.890237822591615
68,68,47.68566796863421,37.719616,-122.49088100000002,29.890237822591615
69,69,44.49151136039336,37.719616,-122.48708100000002,29.890237822591615
70,70,43.22322424847344,37.719616,-122.48328100000002,29.890237822591615
71,71,38.45344018295306,37.719616,-122.47948100000002,29.890237822591615
72,72,34.5116237597966,37.719616,-122.47568100000002,29.890237822591615
73,73,37.33436153174338,37.719616,-122.47188100000002,34.33865441759872
74,74,41.95715028761904,37.719616,-122.46808100000004,34.33865441759872
75,75,45.46481006792418,37.719616,-122.46428100000004,34.33865441759872
76,76,45.4576034765415,37.719616,-122.46048100000004,34.33865441759872
77,77,46.1441965593118,37.719616,-122.45668100000005,34.33865441759872
78,78,46.69433492059118,37.719616,-122.45288100000003,34.33865441759872
79,79,46.968073503653095,37.719616,-122.44908100000004,34.33865441759872
80,80,48.297028535599374,37.719616,-122.44528100000004,34.33865441759872
81,81,48.484236161782775,37.719616,-122.44148100000004,34.33865441759872
82,82,46.94956826057042,37.719616,-122.43768100000004,34.33865441759872
83,83,47.15846527942223,37.719616,-122.43388100000004,34.33865441759872
84,84,49.05184706515227,37.719616,-122.43008100000004,34.33865441759872
85,85,51.83268495598648,37.719616,-122.42628100000005,34.33865441759872
86,86,56.20590550827674,37.719616,-122.42248100000003,34.33865441759872
87,87,54.018269012086144,37.719616,-122.41868100000003,25.051609245566336
88,88,52.48100843443135,37.719616,-122.41488100000004,25.051609245566336
89,89,49.24409677241543,37.719616,-122.41108100000004,25.051609245566336
90,90,44.78086612378542,37.719616,-122.40728100000004,33.168018471544215
91,91,40.20202146799226,37.719616,-122.40348100000006,33.168018471544215
92,92,37.9526881150418,37.719616,-122.39968100000006,33.168018471544215
93,93,43.13481373162104,37.719616,-122.39588100000006,33.168018471544215
94,94,48.0475091886916,37.719616,-122.39208100000006,33.168018471544215
95,95,52.34825236468564,37.719616,-122.38828100000006,33.168018471544215
96,96,55.901786852670206,37.719616,-122.38448100000006,33.168018471544215
97,97,54.84273555265655,37.719616,-122.38068100000008,0.0
98,98,54.17694377567357,37.719616,-122.37688100000008,0.0
99,99,53.46623582078037,37.719616,-122.37308100000008,33.168018471544215
100,100,49.71857739724673,37.72341599999999,-122.506081,29.890237822591615
101,101,47.60901277945795,37.72341599999999,-122.502281,29.890237822591615
102,102,47.30989841899092,37.72341599999999,-122.498481,29.890237822591615
103,103,45.346130636850496,37.72341599999999,-122.494681,29.890237822591615
104,104,44.503159392003575,37.72341599999999,-122.49088100000002,29.890237822591615
105,105,40.10392301396914,37.72341599999999,-122.48708100000002,29.890237822591615
106,106,37.86201516048059,37.72341599999999,-122.48328100000002,29.890237822591615
107,107,36.18646302487049,37.72341599999999,-122.47948100000002,29.890237822591615
108,108,34.56198848152921,37.72341599999999,-122.47568100000002,29.890237822591615
109,109,36.18006548168553,37.72341599999999,-122.47188100000002,29.890237822591615
110,110,40.44252879025989,37.72341599999999,-122.46808100000004,29.890237822591615
111,111,40.10407132863016,37.72341599999999,-122.46428100000004,29.890237822591615
112,112,40.33842608490417,37.72341599999999,-122.46048100000004,34.33865441759872
113,113,41.7847272219008,37.72341599999999,-122.45668100000005,34.33865441759872
114,114,43.01183290214022,37.72341599999999,-122.45288100000003,29.890237822591615
115,115,45.10384937202731,37.72341599999999,-122.44908100000004,29.890237822591615
116,116,48.78023892813487,37.72341599999999,-122.44528100000004,34.33865441759872
117,117,48.90503269225952,37.72341599999999,-122.44148100000004,34.33865441759872
118,118,43.68886247157992,37.72341599999999,-122.43768100000004,34.33865441759872
119,119,44.22323939245544,37.72341599999999,-122.43388100000004,34.33865441759872
120,120,46.69978965945923,37.72341599999999,-122.43008100000004,34.33865441759872
121,121,49.35796311517893,37.72341599999999,-122.42628100000005,34.33865441759872
122,122,51.16829720456373,37.72341599999999,-122.42248100000003,25.051609245566336
123,123,52.2083424910057,37.72341599999999,-122.41868100000003,34.33865441759872
124,124,50.62809272952312,37.72341599999999,-122.41488100000004,25.051609245566336
125,125,45.804282346731966,37.72341599999999,-122.41108100000004,25.051609245566336
126,126,41.82647396183391,37.72341599999999,-122.40728100000004,25.051609245566336
127,127,37.257870472316974,37.72341599999999,-122.40348100000006,25.051609245566336
128,128,38.53554284990301,37.72341599999999,-122.39968100000006,33.168018471544215
129,129,42.83300696210279,37.72341599999999,-122.39588100000006,33.168018471544215
130,130,45.96411000345108,37.72341599999999,-122.39208100000006,33.168018471544215
131,131,51.28574361247236,37.72341599999999,-122.38828100000006,33.168018471544215
132,132,51.04105957914744,37.72341599999999,-122.38448100000006,33.168018471544215
133,133,49.48545900929844,37.72341599999999,-122.38068100000008,33.168018471544215
134,134,48.81773810290608,37.72341599999999,-122.37688100000008,0.0
135,135,48.411757251548096,37.72341599999999,-122.37308100000008,33.168018471544215
136,136,48.02248250564936,37.72341599999999,-122.36928100000009,33.168018471544215
137,137,51.04197659674008,37.72341599999999,-122.36548100000007,33.168018471544215
138,138,46.57887990970432,37.72721599999999,-122.506081,29.890237822591615
139,139,42.3160918701243,37.72721599999999,-122.502281,29.890237822591615
140,140,43.62995858068594,37.72721599999999,-122.498481,29.890237822591615
141,141,40.05092491422413,37.72721599999999,-122.494681,29.890237822591615
142,142,40.87474759111448,37.72721599999999,-122.49088100000002,29.890237822591615
143,143,37.23448115868859,37.72721599999999,-122.48708100000002,29.890237822591615
144,144,32.768363068059145,37.72721599999999,-122.48328100000002,30.63164058842613
145,145,33.133986424637406,37.72721599999999,-122.47948100000002,29.890237822591615
146,146,30.49355366687548,37.72721599999999,-122.47568100000002,29.890237822591615
147,147,33.837364114956465,37.72721599999999,-122.47188100000002,29.890237822591615
148,148,36.07291023858728,37.72721599999999,-122.46808100000004,29.890237822591615
149,149,38.09321150566368,37.72721599999999,-122.46428100000004,29.890237822591615
150,150,41.25475059804271,37.72721599999999,-122.46048100000004,29.890237822591615
151,151,43.95663316786772,37.72721599999999,-122.45668100000005,29.890237822591615
152,152,46.74401291850009,37.72721599999999,-122.45288100000003,29.890237822591615
153,153,49.02823763238272,37.72721599999999,-122.44908100000004,29.890237822591615
154,154,47.92068438375266,37.72721599999999,-122.44528100000004,29.890237822591615
155,155,47.1986798420022,37.72721599999999,-122.44148100000004,34.33865441759872
156,156,46.94041669136883,37.72721599999999,-122.43768100000004,34.33865441759872
157,157,43.15106771422702,37.72721599999999,-122.43388100000004,34.33865441759872
158,158,41.78320084414382,37.72721599999999,-122.43008100000004,34.33865441759872
159,159,44.51763949861182,37.72721599999999,-122.42628100000005,34.33865441759872
160,160,45.8371778509409,37.72721599999999,-122.42248100000003,34.33865441759872
161,161,47.37911068710597,37.72721599999999,-122.41868100000003,25.051609245566336
162,162,46.58856575536311,37.72721599999999,-122.41488100000004,25.051609245566336
163,163,43.44922867239186,37.72721599999999,-122.41108100000004,25.051609245566336
164,164,38.85555893951331,37.72721599999999,-122.40728100000004,25.051609245566336
165,165,34.96978584384562,37.72721599999999,-122.40348100000006,25.051609245566336
166,166,39.69470895219192,37.72721599999999,-122.39968100000006,33.168018471544215
167,167,44.93710439430658,37.72721599999999,-122.39588100000006,33.168018471544215
168,168,48.362410201556365,37.72721599999999,-122.39208100000006,33.168018471544215
169,169,48.8103315552773,37.72721599999999,-122.38828100000006,33.168018471544215
170,170,46.49635044765971,37.72721599999999,-122.38448100000006,33.168018471544215
171,171,44.13709684721117,37.72721599999999,-122.38068100000008,33.168018471544215
172,172,43.4639928620478,37.72721599999999,-122.37688100000008,33.168018471544215
173,173,43.206246164177855,37.72721599999999,-122.37308100000008,33.168018471544215
174,174,43.50489065854268,37.72721599999999,-122.36928100000009,33.168018471544215
175,175,48.4555578571916,37.72721599999999,-122.36548100000007,33.168018471544215
176,176,53.447866887583885,37.72721599999999,-122.36168100000008,33.168018471544215
177,177,42.54353336276634,37.73101599999999,-122.506081,29.890237822591615
178,178,40.62920814241569,37.73101599999999,-122.502281,29.890237822591615
179,179,38.6010986154222,37.73101599999999,-122.498481,29.890237822591615
180,180,37.63120294287239,37.73101599999999,-122.494681,30.63164058842613
181,181,37.19441290643461,37.73101599999999,-122.49088100000002,30.63164058842613
182,182,35.87878464586105,37.73101599999999,-122.48708100000002,30.63164058842613
183,183,35.72239907249928,37.73101599999999,-122.48328100000002,30.63164058842613
184,184,33.89959636189517,37.73101599999999,-122.47948100000002,30.63164058842613
185,185,29.236356585510496,37.73101599999999,-122.47568100000002,30.63164058842613
186,186,30.30615898626061,37.73101599999999,-122.47188100000002,29.890237822591615
187,187,33.24163775264483,37.73101599999999,-122.46808100000004,29.890237822591615
188,188,35.170886977788406,37.73101599999999,-122.46428100000004,29.890237822591615
189,189,36.90551346894981,37.73101599999999,-122.46048100000004,29.890237822591615
190,190,39.956787326547904,37.73101599999999,-122.45668100000005,29.890237822591615
191,191,43.84223997553577,37.73101599999999,-122.45288100000003,29.890237822591615
192,192,45.41999153992146,37.73101599999999,-122.44908100000004,29.890237822591615
193,193,42.67434693053177,37.73101599999999,-122.44528100000004,29.890237822591615
194,194,42.00837532196383,37.73101599999999,-122.44148100000004,29.890237822591615
195,195,42.092807818993656,37.73101599999999,-122.43768100000004,29.890237822591615
196,196,41.498910461998776,37.73101599999999,-122.43388100000004,34.33865441759872
197,197,41.00480128392466,37.73101599999999,-122.43008100000004,34.33865441759872
198,198,41.79918469502103,37.73101599999999,-122.42628100000005,34.33865441759872
199,199,43.67742787886903,37.73101599999999,-122.42248100000003,34.33865441759872
200,200,46.681260477189554,37.73101599999999,-122.41868100000003,25.051609245566336
201,201,45.10578130100616,37.73101599999999,-122.41488100000004,25.051609245566336
202,202,40.87897730439741,37.73101599999999,-122.41108100000004,25.051609245566336
203,203,35.891248936968026,37.73101599999999,-122.40728100000004,25.051609245566336
204,204,35.742579425087804,37.73101599999999,-122.40348100000006,33.168018471544215
205,205,40.13906961412381,37.73101599999999,-122.39968100000006,33.168018471544215
206,206,44.95314425285876,37.73101599999999,-122.39588100000006,33.168018471544215
207,207,47.59243827490085,37.73101599999999,-122.39208100000006,33.168018471544215
208,208,43.919012073544415,37.73101599999999,-122.38828100000006,33.168018471544215
209,209,41.90554858095744,37.73101599999999,-122.38448100000006,33.168018471544215
210,210,40.14759244184863,37.73101599999999,-122.38068100000008,33.168018471544215
211,211,39.160462578498105,37.73101599999999,-122.37688100000008,33.168018471544215
212,212,41.56782757439135,37.73101599999999,-122.37308100000008,33.168018471544215
213,213,44.68598377291305,37.73101599999999,-122.36928100000009,33.168018471544215
214,214,48.690241275237774,37.73101599999999,-122.36548100000007,33.168018471544215
215,215,53.75076407663778,37.73101599999999,-122.36168100000008,0.0
216,216,37.26272027196737,37.73481599999999,-122.506081,29.890237822591615
217,217,37.347001013335394,37.73481599999999,-122.502281,29.890237822591615
218,218,35.949614802053674,37.73481599999999,-122.498481,30.63164058842613
219,219,35.00000331076023,37.73481599999999,-122.494681,30.63164058842613
220,220,34.198596305467724,37.73481599999999,-122.49088100000002,30.63164058842613
221,221,32.82934671508577,37.73481599999999,-122.48708100000002,30.63164058842613
222,222,31.99397652123303,37.73481599999999,-122.48328100000002,30.63164058842613
223,223,30.83332847838223,37.73481599999999,-122.47948100000002,30.63164058842613
224,224,29.86774281709858,37.73481599999999,-122.47568100000002,30.63164058842613
225,225,26.37127146061133,37.73481599999999,-122.47188100000002,29.890237822591615
226,226,27.97291733818455,37.73481599999999,-122.46808100000004,29.890237822591615
227,227,29.96039766766898,37.73481599999999,-122.46428100000004,29.890237822591615
228,228,32.394135544397784,37.73481599999999,-122.46048100000004,29.890237822591615
229,229,36.39984370505733,37.73481599999999,-122.45668100000005,29.890237822591615
230,230,38.91094390444344,37.73481599999999,-122.45288100000003,29.890237822591615
231,231,42.03745315265919,37.73481599999999,-122.44908100000004,29.890237822591615
232,232,37.84101113734221,37.73481599999999,-122.44528100000004,29.890237822591615
233,233,38.20889161310021,37.73481599999999,-122.44148100000004,28.329389894518943
234,234,39.58808690516066,37.73481599999999,-122.43768100000004,28.329389894518943
235,235,39.499993541908815,37.73481599999999,-122.43388100000004,28.329389894518943
236,236,43.483456330769165,37.73481599999999,-122.43008100000004,28.329389894518943
237,237,39.30241566066903,37.73481599999999,-122.42628100000005,28.329389894518943
238,238,39.60604037806545,37.73481599999999,-122.42248100000003,25.051609245566336
239,239,42.00156238956668,37.73481599999999,-122.41868100000003,25.051609245566336
240,240,40.549229833771065,37.73481599999999,-122.41488100000004,25.051609245566336
241,241,37.69411828472192,37.73481599999999,-122.41108100000004,25.051609245566336
242,242,34.378665979228046,37.73481599999999,-122.40728100000004,25.051609245566336
243,243,34.96715518463099,37.73481599999999,-122.40348100000006,33.168018471544215
244,244,39.799148730399175,37.73481599999999,-122.39968100000006,33.168018471544215
245,245,44.90899341135955,37.73481599999999,-122.39588100000006,33.168018471544215
246,246,44.58792248536665,37.73481599999999,-122.39208100000006,33.168018471544215
247,247,41.21032630356997,37.73481599999999,-122.38828100000006,33.168018471544215
248,248,38.49887138760241,37.73481599999999,-122.38448100000006,33.168018471544215
249,249,40.10985812550796,37.73481599999999,-122.38068100000008,33.168018471544215
250,250,42.86062618140916,37.73481599999999,-122.37688100000008,33.168018471544215
251,251,45.85929655832476,37.73481599999999,-122.37308100000008,0.0
252,252,48.87773645915389,37.73481599999999,-122.36928100000009,0.0
253,253,39.92560855949962,37.73861599999999,-122.506081,30.63164058842613
254,254,40.34201062163235,37.73861599999999,-122.502281,30.63164058842613
255,255,40.57656036726483,37.73861599999999,-122.498481,30.63164058842613
256,256,39.18975088889849,37.73861599999999,-122.494681,30.63164058842613
257,257,38.80102120376682,37.73861599999999,-122.49088100000002,30.63164058842613
258,258,37.58464692238088,37.73861599999999,-122.48708100000002,30.63164058842613
259,259,36.43244073414766,37.73861599999999,-122.48328100000002,30.63164058842613
260,260,35.538631345494764,37.73861599999999,-122.47948100000002,30.63164058842613
261,261,32.69718885590523,37.73861599999999,-122.47568100000002,30.63164058842613
262,262,27.377441630935657,37.73861599999999,-122.47188100000002,29.890237822591615
263,263,24.709848152849005,37.73861599999999,-122.46808100000004,29.890237822591615
264,264,24.91803609569848,37.73861599999999,-122.46428100000004,29.890237822591615
265,265,29.084215753931023,37.73861599999999,-122.46048100000004,29.890237822591615
266,266,32.26932874066333,37.73861599999999,-122.45668100000005,29.890237822591615
267,267,34.680567764180005,37.73861599999999,-122.45288100000003,29.890237822591615
268,268,36.792589631413904,37.73861599999999,-122.44908100000004,29.890237822591615
269,269,35.84574366826039,37.73861599999999,-122.44528100000004,29.890237822591615
270,270,35.89884920353794,37.73861599999999,-122.44148100000004,28.329389894518943
271,271,37.79990674592948,37.73861599999999,-122.43768100000004,28.329389894518943
272,272,37.767716195992605,37.73861599999999,-122.43388100000004,28.329389894518943
273,273,39.13505231124148,37.73861599999999,-122.43008100000004,28.329389894518943
274,274,38.872115647909006,37.73861599999999,-122.42628100000005,28.329389894518943
275,275,37.92859271151558,37.73861599999999,-122.42248100000003,25.051609245566336
276,276,37.81414405166476,37.73861599999999,-122.41868100000003,25.051609245566336
277,277,35.46739666208386,37.73861599999999,-122.41488100000004,25.051609245566336
278,278,34.809117361949994,37.73861599999999,-122.41108100000004,25.051609245566336
279,279,31.22837232634504,37.73861599999999,-122.40728100000004,25.051609245566336
280,280,35.2633634881896,37.73861599999999,-122.40348100000006,33.168018471544215
281,281,38.87511383251411,37.73861599999999,-122.39968100000006,33.168018471544215
282,282,42.82028196085939,37.73861599999999,-122.39588100000006,33.168018471544215
283,283,41.05397344975185,37.73861599999999,-122.39208100000006,33.168018471544215
284,284,37.33199865152446,37.73861599999999,-122.38828100000006,33.168018471544215
285,285,37.15006037018518,37.73861599999999,-122.38448100000006,33.168018471544215
286,286,40.62092353544111,37.73861599999999,-122.38068100000008,33.168018471544215
287,287,44.18384963593314,37.73861599999999,-122.37688100000008,33.168018471544215
288,288,49.39098489439191,37.73861599999999,-122.37308100000008,0.0
289,289,41.21398919431634,37.742415999999984,-122.506081,30.63164058842613
290,290,42.14177672190763,37.742415999999984,-122.502281,30.63164058842613
291,291,42.64532804523718,37.742415999999984,-122.498481,30.63164058842613
292,292,40.437894240416455,37.742415999999984,-122.494681,30.63164058842613
293,293,40.70001343462434,37.742415999999984,-122.49088100000002,30.63164058842613
294,294,38.27120937806475,37.742415999999984,-122.48708100000002,30.63164058842613
295,295,36.645013646187685,37.742415999999984,-122.48328100000002,30.63164058842613
296,296,36.46092840558319,37.742415999999984,-122.47948100000002,30.63164058842613
297,297,33.60252293025577,37.742415999999984,-122.47568100000002,29.890237822591615
298,298,29.04786647144359,37.742415999999984,-122.47188100000002,29.890237822591615
299,299,24.026418093792536,37.742415999999984,-122.46808100000004,29.890237822591615
300,300,23.329016419618146,37.742415999999984,-122.46428100000004,29.890237822591615
301,301,26.84051305756661,37.742415999999984,-122.46048100000004,29.890237822591615
302,302,27.35136072737988,37.742415999999984,-122.45668100000005,29.890237822591615
303,303,30.83471349309163,37.742415999999984,-122.45288100000003,29.890237822591615
304,304,31.70650940166696,37.742415999999984,-122.44908100000004,29.890237822591615
305,305,31.39792589329251,37.742415999999984,-122.44528100000004,28.329389894518943
306,306,30.856095991929063,37.742415999999984,-122.44148100000004,28.329389894518943
307,307,32.51778038412988,37.742415999999984,-122.43768100000004,28.329389894518943
308,308,32.81758995573584,37.742415999999984,-122.43388100000004,28.329389894518943
309,309,34.21641981247906,37.742415999999984,-122.43008100000004,28.329389894518943
310,310,37.50470745437403,37.742415999999984,-122.42628100000005,28.329389894518943
311,311,34.69131926916058,37.742415999999984,-122.42248100000003,25.051609245566336
312,312,36.73149712346264,37.742415999999984,-122.41868100000003,25.051609245566336
313,313,36.08734091136281,37.742415999999984,-122.41488100000004,25.051609245566336
314,314,36.45491932174348,37.742415999999984,-122.41108100000004,25.051609245566336
315,315,31.462698047822222,37.742415999999984,-122.40728100000004,25.051609245566336
316,316,31.51554856776376,37.742415999999984,-122.40348100000006,33.168018471544215
317,317,35.44703299201926,37.742415999999984,-122.39968100000006,33.168018471544215
318,318,40.49172983861275,37.742415999999984,-122.39588100000006,33.168018471544215
319,319,38.79817902137022,37.742415999999984,-122.39208100000006,33.168018471544215
320,320,33.50456449510356,37.742415999999984,-122.38828100000006,33.168018471544215
321,321,38.49319601562932,37.742415999999984,-122.38448100000006,33.168018471544215
322,322,43.85437998275946,37.742415999999984,-122.38068100000008,33.168018471544215
323,323,47.87503193132544,37.742415999999984,-122.37688100000008,33.168018471544215
324,324,44.96881868187101,37.74621599999998,-122.509881,0.0
325,325,40.23184324269228,37.74621599999998,-122.506081,30.63164058842613
326,326,42.34552758866575,37.74621599999998,-122.502281,30.63164058842613
327,327,44.66336656764805,37.74621599999998,-122.498481,30.63164058842613
328,328,41.42758793996461,37.74621599999998,-122.494681,30.63164058842613
329,329,44.34504145637917,37.74621599999998,-122.49088100000002,30.63164058842613
330,330,42.96191878942647,37.74621599999998,-122.48708100000002,30.63164058842613
331,331,40.906995452206935,37.74621599999998,-122.48328100000002,30.63164058842613
332,332,38.85548887956766,37.74621599999998,-122.47948100000002,30.63164058842613
333,333,34.66974081762108,37.74621599999998,-122.47568100000002,29.890237822591615
334,334,31.58630603439294,37.74621599999998,-122.47188100000002,29.890237822591615
335,335,28.65164802918401,37.74621599999998,-122.46808100000004,29.890237822591615
336,336,26.95756592945966,37.74621599999998,-122.46428100000004,29.890237822591615
337,337,22.21041425861212,37.74621599999998,-122.46048100000004,29.890237822591615
338,338,23.435478943917904,37.74621599999998,-122.45668100000005,29.890237822591615
339,339,28.114527835344635,37.74621599999998,-122.45288100000003,29.890237822591615
340,340,27.44517350271128,37.74621599999998,-122.44908100000004,28.329389894518943
341,341,26.656261577457077,37.74621599999998,-122.44528100000004,28.329389894518943
342,342,27.63219736413996,37.74621599999998,-122.44148100000004,28.329389894518943
343,343,27.248249731629933,37.74621599999998,-122.43768100000004,28.329389894518943
344,344,27.45889768570157,37.74621599999998,-122.43388100000004,28.329389894518943
345,345,29.92717703901958,37.74621599999998,-122.43008100000004,28.329389894518943
346,346,34.08891784850612,37.74621599999998,-122.42628100000005,28.329389894518943
347,347,34.9144957089709,37.74621599999998,-122.42248100000003,28.329389894518943
348,348,32.56426140946208,37.74621599999998,-122.41868100000003,25.051609245566336
349,349,30.888454290899617,37.74621599999998,-122.41488100000004,25.051609245566336
350,350,32.70369086329074,37.74621599999998,-122.41108100000004,25.051609245566336
351,351,32.54246746729094,37.74621599999998,-122.40728100000004,25.051609245566336
352,352,30.499486751028464,37.74621599999998,-122.40348100000006,33.168018471544215
353,353,35.02471726623103,37.74621599999998,-122.39968100000006,33.168018471544215
354,354,40.24465869867956,37.74621599999998,-122.39588100000006,33.168018471544215
355,355,38.51707020272431,37.74621599999998,-122.39208100000006,33.168018471544215
356,356,35.15294530917076,37.74621599999998,-122.38828100000006,33.168018471544215
357,357,36.92712466188879,37.74621599999998,-122.38448100000006,33.168018471544215
358,358,43.16355848254117,37.75001599999998,-122.509881,30.63164058842613
359,359,38.80239874977365,37.75001599999998,-122.506081,30.63164058842613
360,360,41.522152692223216,37.75001599999998,-122.502281,30.63164058842613
361,361,44.73185118199648,37.75001599999998,-122.498481,30.63164058842613
362,362,41.66386064962026,37.75001599999998,-122.494681,30.63164058842613
363,363,44.67544421703247,37.75001599999998,-122.49088100000002,30.63164058842613
364,364,43.08590997195401,37.75001599999998,-122.48708100000002,30.63164058842613
365,365,41.75377090132431,37.75001599999998,-122.48328100000002,30.63164058842613
366,366,36.91643535402616,37.75001599999998,-122.47948100000002,30.63164058842613
367,367,34.75699488535204,37.75001599999998,-122.47568100000002,29.890237822591615
368,368,35.782249328900114,37.75001599999998,-122.47188100000002,29.890237822591615
369,369,32.07531639793139,37.75001599999998,-122.46808100000004,29.890237822591615
370,370,26.90427284025802,37.75001599999998,-122.46428100000004,29.890237822591615
371,371,22.443196772345004,37.75001599999998,-122.46048100000004,29.890237822591615
372,372,23.375689955234478,37.75001599999998,-122.45668100000005,29.890237822591615
373,373,28.201488166763617,37.75001599999998,-122.45288100000003,29.890237822591615
374,374,29.7222870993956,37.75001599999998,-122.44908100000004,28.329389894518943
375,375,28.48255348800724,37.75001599999998,-122.44528100000004,28.329389894518943
376,376,27.19279924937971,37.75001599999998,-122.44148100000004,28.329389894518943
377,377,25.65209715802205,37.75001599999998,-122.43768100000004,28.329389894518943
378,378,22.750472343327,37.75001599999998,-122.43388100000004,28.329389894518943
379,379,26.869903840139347,37.75001599999998,-122.43008100000004,28.329389894518943
380,380,32.09638788357136,37.75001599999998,-122.42628100000005,28.329389894518943
381,381,33.774251791206005,37.75001599999998,-122.42248100000003,28.329389894518943
382,382,30.75680511853468,37.75001599999998,-122.41868100000003,25.051609245566336
383,383,27.667854020038625,37.75001599999998,-122.41488100000004,25.051609245566336
384,384,30.259761836069792,37.75001599999998,-122.41108100000004,25.051609245566336
385,385,28.907169816767816,37.75001599999998,-122.40728100000004,25.051609245566336
386,386,30.660631723280687,37.75001599999998,-122.40348100000006,33.168018471544215
387,387,34.6354720656806,37.75001599999998,-122.39968100000006,33.168018471544215
388,388,37.5210758455496,37.75001599999998,-122.39588100000006,33.168018471544215
389,389,37.46036989816214,37.75001599999998,-122.39208100000006,33.168018471544215
390,390,32.60511623076954,37.75001599999998,-122.38828100000006,33.168018471544215
391,391,41.92722059914296,37.75381599999998,-122.509881,30.63164058842613
392,392,37.41056031246959,37.75381599999998,-122.506081,30.63164058842613
393,393,40.65371580808711,37.75381599999998,-122.502281,30.63164058842613
394,394,43.47832476192092,37.75381599999998,-122.498481,30.63164058842613
395,395,39.98186429244689,37.75381599999998,-122.494681,30.63164058842613
396,396,44.35138559488029,37.75381599999998,-122.49088100000002,30.63164058842613
397,397,43.93045404609361,37.75381599999998,-122.48708100000002,30.63164058842613
398,398,40.0210039391196,37.75381599999998,-122.48328100000002,30.63164058842613
399,399,35.06601108174327,37.75381599999998,-122.47948100000002,30.63164058842613
400,400,32.10676740644736,37.75381599999998,-122.47568100000002,29.890237822591615
401,401,37.46069524807142,37.75381599999998,-122.47188100000002,29.890237822591615
402,402,34.12366501274674,37.75381599999998,-122.46808100000004,29.890237822591615
403,403,29.87363024454322,37.75381599999998,-122.46428100000004,29.890237822591615
404,404,27.437299165407445,37.75381599999998,-122.46048100000004,29.890237822591615
405,405,27.06337059601452,37.75381599999998,-122.45668100000005,29.890237822591615
406,406,26.921265592073247,37.75381599999998,-122.45288100000003,29.890237822591615
407,407,28.862034138399117,37.75381599999998,-122.44908100000004,29.890237822591615
408,408,32.34846712484832,37.75381599999998,-122.44528100000004,28.329389894518943
409,409,29.0778801277538,37.75381599999998,-122.44148100000004,28.329389894518943
410,410,24.113370206078056,37.75381599999998,-122.43768100000004,28.329389894518943
411,411,20.88725457032386,37.75381599999998,-122.43388100000004,28.329389894518943
412,412,25.764283415055456,37.75381599999998,-122.43008100000004,28.329389894518943
413,413,31.07585242965517,37.75381599999998,-122.42628100000005,28.329389894518943
414,414,31.966876276491348,37.75381599999998,-122.42248100000003,25.051609245566336
415,415,28.350991515815995,37.75381599999998,-122.41868100000003,25.051609245566336
416,416,25.970442757893554,37.75381599999998,-122.41488100000004,25.051609245566336
417,417,28.911565002130764,37.75381599999998,-122.41108100000004,25.051609245566336
418,418,25.73708433407352,37.75381599999998,-122.40728100000004,25.051609245566336
419,419,28.66887233664369,37.75381599999998,-122.40348100000006,33.168018471544215
420,420,29.941716875924563,37.75381599999998,-122.39968100000006,33.168018471544215
421,421,34.47543950166503,37.75381599999998,-122.39588100000006,33.168018471544215
422,422,37.68139780288968,37.75381599999998,-122.39208100000006,33.168018471544215
423,423,36.57538128153904,37.75381599999998,-122.38828100000006,33.168018471544215
424,424,40.20890848889427,37.75761599999998,-122.509881,30.63164058842613
425,425,36.05761827265362,37.75761599999998,-122.506081,30.63164058842613
426,426,39.86252930317381,37.75761599999998,-122.502281,30.63164058842613
427,427,40.49559023648435,37.75761599999998,-122.498481,30.63164058842613
428,428,39.13382371278022,37.75761599999998,-122.494681,30.63164058842613
429,429,39.09707593751648,37.75761599999998,-122.49088100000002,30.63164058842613
430,430,38.57094306155135,37.75761599999998,-122.48708100000002,30.63164058842613
431,431,37.91284861343254,37.75761599999998,-122.48328100000002,30.63164058842613
432,432,33.02732123615596,37.75761599999998,-122.47948100000002,30.63164058842613
433,433,30.800388385774053,37.75761599999998,-122.47568100000002,29.890237822591615
434,434,36.12530818452564,37.75761599999998,-122.47188100000002,29.890237822591615
435,435,34.02518238672812,37.75761599999998,-122.46808100000004,29.890237822591615
436,436,30.979036832947887,37.75761599999998,-122.46428100000004,29.890237822591615
437,437,32.717091294589174,37.75761599999998,-122.46048100000004,29.890237822591615
438,438,31.45872569500641,37.75761599999998,-122.45668100000005,29.890237822591615
439,439,32.178755265538435,37.75761599999998,-122.45288100000003,29.890237822591615
440,440,30.803435044249007,37.75761599999998,-122.44908100000004,29.890237822591615
441,441,28.0206588351908,37.75761599999998,-122.44528100000004,28.329389894518943
442,442,25.288175425669245,37.75761599999998,-122.44148100000004,28.329389894518943
443,443,21.90532803903804,37.75761599999998,-122.43768100000004,28.329389894518943
444,444,19.492078299665422,37.75761599999998,-122.43388100000004,28.329389894518943
445,445,24.23289165886641,37.75761599999998,-122.43008100000004,28.329389894518943
446,446,27.273097986664744,37.75761599999998,-122.42628100000005,28.329389894518943
447,447,29.459494725981926,37.75761599999998,-122.42248100000003,25.051609245566336
448,448,26.021540878620144,37.75761599999998,-122.41868100000003,25.051609245566336
449,449,23.8887055684862,37.75761599999998,-122.41488100000004,25.051609245566336
450,450,27.742262205063312,37.75761599999998,-122.41108100000004,25.051609245566336
451,451,23.19150869314291,37.75761599999998,-122.40728100000004,25.051609245566336
452,452,26.44838542546768,37.75761599999998,-122.40348100000006,33.168018471544215
453,453,27.69338674420856,37.75761599999998,-122.39968100000006,33.168018471544215
454,454,32.84813652155081,37.75761599999998,-122.39588100000006,33.168018471544215
455,455,33.35288616290109,37.75761599999998,-122.39208100000006,33.168018471544215
456,456,31.23731403863955,37.75761599999998,-122.38828100000006,33.168018471544215
457,457,35.65165319072364,37.761415999999976,-122.509881,30.63164058842613
458,458,34.72249906027686,37.761415999999976,-122.506081,30.63164058842613
459,459,35.84833139457142,37.761415999999976,-122.502281,30.63164058842613
460,460,35.21222937698246,37.761415999999976,-122.498481,30.63164058842613
461,461,34.51989609744768,37.761415999999976,-122.494681,30.63164058842613
462,462,33.82957632373064,37.761415999999976,-122.49088100000002,30.63164058842613
463,463,33.21261960187837,37.761415999999976,-122.48708100000002,30.63164058842613
464,464,33.41708840283915,37.761415999999976,-122.48328100000002,30.63164058842613
465,465,31.04520794792862,37.761415999999976,-122.47948100000002,30.63164058842613
466,466,29.71623489762392,37.761415999999976,-122.47568100000002,29.890237822591615
467,467,32.85662411130024,37.761415999999976,-122.47188100000002,29.890237822591615
468,468,32.252481660568456,37.761415999999976,-122.46808100000004,29.890237822591615
469,469,31.55440045864413,37.761415999999976,-122.46428100000004,29.890237822591615
470,470,30.16054102720286,37.761415999999976,-122.46048100000004,29.890237822591615
471,471,29.06355982213679,37.761415999999976,-122.45668100000005,29.890237822591615
472,472,28.468791598633224,37.761415999999976,-122.45288100000003,29.890237822591615
473,473,26.08872634310776,37.761415999999976,-122.44908100000004,28.329389894518943
474,474,25.33536953379225,37.761415999999976,-122.44528100000004,28.329389894518943
475,475,20.46153685450517,37.761415999999976,-122.44148100000004,28.329389894518943
476,476,17.81894479581329,37.761415999999976,-122.43768100000004,28.329389894518943
477,477,16.661745432529468,37.761415999999976,-122.43388100000004,28.329389894518943
478,478,21.324866032434752,37.761415999999976,-122.43008100000004,28.329389894518943
479,479,22.294489184249414,37.761415999999976,-122.42628100000005,28.329389894518943
480,480,25.410080641608108,37.761415999999976,-122.42248100000003,25.051609245566336
481,481,24.605886277166395,37.761415999999976,-122.41868100000003,25.051609245566336
482,482,21.737403870546466,37.761415999999976,-122.41488100000004,25.051609245566336
483,483,25.804324906615932,37.761415999999976,-122.41108100000004,25.051609245566336
484,484,22.40385759164818,37.761415999999976,-122.40728100000004,25.051609245566336
485,485,24.00881543041265,37.761415999999976,-122.40348100000006,33.168018471544215
486,486,26.203408605959623,37.761415999999976,-122.39968100000006,33.168018471544215
487,487,31.396059900083955,37.761415999999976,-122.39588100000006,33.168018471544215
488,488,31.9103830297372,37.761415999999976,-122.39208100000006,33.168018471544215
489,489,28.306724593019776,37.761415999999976,-122.38828100000006,33.168018471544215
490,490,32.278938135838565,37.76521599999997,-122.509881,30.63164058842613
491,491,31.474188738807456,37.76521599999997,-122.506081,30.63164058842613
492,492,30.62594981339455,37.76521599999997,-122.502281,30.63164058842613
493,493,30.01092107336589,37.76521599999997,-122.498481,30.63164058842613
494,494,29.23644449711686,37.76521599999997,-122.494681,30.63164058842613
495,495,28.52147268665154,37.76521599999997,-122.49088100000002,30.63164058842613
496,496,27.85734488548729,37.76521599999997,-122.48708100000002,30.63164058842613
497,497,28.077482865776812,37.76521599999997,-122.48328100000002,30.63164058842613
498,498,28.339158135343418,37.76521599999997,-122.47948100000002,30.63164058842613
499,499,28.34440450047425,37.76521599999997,-122.47568100000002,29.890237822591615
500,500,27.91742548275578,37.76521599999997,-122.47188100000002,29.890237822591615
501,501,26.930150960829295,37.76521599999997,-122.46808100000004,29.890237822591615
502,502,27.43962550633502,37.76521599999997,-122.46428100000004,29.890237822591615
503,503,27.98090904147428,37.76521599999997,-122.46048100000004,29.890237822591615
504,504,24.34492102857113,37.76521599999997,-122.45668100000005,28.329389894518943
505,505,23.618771408526825,37.76521599999997,-122.45288100000003,28.329389894518943
506,506,23.585512294104827,37.76521599999997,-122.44908100000004,28.329389894518943
507,507,23.21894023522052,37.76521599999997,-122.44528100000004,28.329389894518943
508,508,22.063413313761277,37.76521599999997,-122.44148100000004,28.329389894518943
509,509,18.915309006246208,37.76521599999997,-122.43768100000004,28.329389894518943
510,510,17.96140572495622,37.76521599999997,-122.43388100000004,28.329389894518943
511,511,16.08211242117115,37.76521599999997,-122.43008100000004,28.329389894518943
512,512,18.138331671384,37.76521599999997,-122.42628100000005,28.329389894518943
513,513,21.32556701912081,37.76521599999997,-122.42248100000003,25.051609245566336
514,514,23.38919209100685,37.76521599999997,-122.41868100000003,25.051609245566336
515,515,20.473179784049872,37.76521599999997,-122.41488100000004,25.051609245566336
516,516,22.004879694199555,37.76521599999997,-122.41108100000004,25.051609245566336
517,517,19.694559509263133,37.76521599999997,-122.40728100000004,33.168018471544215
518,518,21.722132743062414,37.76521599999997,-122.40348100000006,33.168018471544215
519,519,24.809508192662467,37.76521599999997,-122.39968100000006,33.168018471544215
520,520,29.30465630088839,37.76521599999997,-122.39588100000006,33.168018471544215
521,521,29.50122039274707,37.76521599999997,-122.39208100000006,41.95169018677316
522,522,29.26207516623111,37.76521599999997,-122.38828100000006,41.95169018677316
523,523,26.973063592631146,37.76901599999997,-122.509881,30.63164058842613
524,524,26.30872693770244,37.76901599999997,-122.506081,31.60717054347155
525,525,25.71455281179329,37.76901599999997,-122.502281,31.60717054347155
526,526,25.10778194834975,37.76901599999997,-122.498481,31.60717054347155
527,527,24.12127705138311,37.76901599999997,-122.494681,30.63164058842613
528,528,23.326679645488777,37.76901599999997,-122.49088100000002,30.63164058842613
529,529,22.51509437258888,37.76901599999997,-122.48708100000002,30.63164058842613
530,530,22.78598904638046,37.76901599999997,-122.48328100000002,30.63164058842613
531,531,23.09891296268508,37.76901599999997,-122.47948100000002,30.63164058842613
532,532,23.09018798935505,37.76901599999997,-122.47568100000002,29.890237822591615
533,533,24.021582251517465,37.76901599999997,-122.47188100000002,29.890237822591615
534,534,21.78377777353432,37.76901599999997,-122.46808100000004,29.890237822591615
535,535,22.929407722346543,37.76901599999997,-122.46428100000004,29.890237822591615
536,536,25.691887269634645,37.76901599999997,-122.46048100000004,29.890237822591615
537,537,24.007392440268934,37.76901599999997,-122.45668100000005,29.890237822591615
538,538,22.85902346554488,37.76901599999997,-122.45288100000003,30.436534597417047
539,539,23.04510348924333,37.76901599999997,-122.44908100000004,30.436534597417047
540,540,21.429535951174817,37.76901599999997,-122.44528100000004,30.436534597417047
541,541,21.56763390116144,37.76901599999997,-122.44148100000004,28.329389894518943
542,542,19.25250531744564,37.76901599999997,-122.43768100000004,28.329389894518943
543,543,17.94696971613843,37.76901599999997,-122.43388100000004,28.329389894518943
544,544,15.529724721832164,37.76901599999997,-122.43008100000004,28.329389894518943
545,545,17.395604004920777,37.76901599999997,-122.42628100000005,28.329389894518943
546,546,20.82843027438796,37.76901599999997,-122.42248100000003,25.051609245566336
547,547,19.82181336982685,37.76901599999997,-122.41868100000003,25.051609245566336
548,548,19.143518000884857,37.76901599999997,-122.41488100000004,25.051609245566336
549,549,16.83030304947285,37.76901599999997,-122.41108100000004,41.95169018677316
550,550,19.14311475127768,37.76901599999997,-122.40728100000004,41.95169018677316
551,551,19.39772412968721,37.76901599999997,-122.40348100000006,41.95169018677316
552,552,23.258303973564463,37.76901599999997,-122.39968100000006,41.95169018677316
553,553,28.561873836996075,37.76901599999997,-122.39588100000006,41.95169018677316
554,554,28.072629353987185,37.76901599999997,-122.39208100000006,41.95169018677316
555,555,25.838764698965324,37.76901599999997,-122.38828100000006,41.95169018677316
556,556,24.2492378031529,37.77281599999997,-122.509881,31.60717054347155
557,557,24.62935492671316,37.77281599999997,-122.506081,31.60717054347155
558,558,23.87357427657689,37.77281599999997,-122.502281,31.60717054347155
559,559,23.06080013057867,37.77281599999997,-122.498481,31.60717054347155
560,560,21.390021498781383,37.77281599999997,-122.494681,31.60717054347155
561,561,20.146084531040017,37.77281599999997,-122.49088100000002,31.60717054347155
562,562,18.36744811409296,37.77281599999997,-122.48708100000002,31.60717054347155
563,563,18.91621886912488,37.77281599999997,-122.48328100000002,31.60717054347155
564,564,19.32465320412421,37.77281599999997,-122.47948100000002,31.60717054347155
565,565,18.874668449591564,37.77281599999997,-122.47568100000002,31.60717054347155
566,566,19.319928038269744,37.77281599999997,-122.47188100000002,31.60717054347155
567,567,19.3536035274188,37.77281599999997,-122.46808100000004,31.60717054347155
568,568,19.32196481264388,37.77281599999997,-122.46428100000004,31.60717054347155
569,569,20.60673833705768,37.77281599999997,-122.46048100000004,31.60717054347155
570,570,20.9794601243571,37.77281599999997,-122.45668100000005,31.60717054347155
571,571,19.19905850588216,37.77281599999997,-122.45288100000003,30.436534597417047
572,572,19.602937191867916,37.77281599999997,-122.44908100000004,30.436534597417047
573,573,19.32260730042565,37.77281599999997,-122.44528100000004,30.436534597417047
574,574,19.609021402417284,37.77281599999997,-122.44148100000004,30.436534597417047
575,575,19.329930599039425,37.77281599999997,-122.43768100000004,30.436534597417047
576,576,20.04401577320133,37.77281599999997,-122.43388100000004,30.436534597417047
577,577,19.065766346567795,37.77281599999997,-122.43008100000004,30.436534597417047
578,578,18.82069241258916,37.77281599999997,-122.42628100000005,30.436534597417047
579,579,16.59249718463192,37.77281599999997,-122.42248100000003,41.95169018677316
580,580,14.535869657335496,37.77281599999997,-122.41868100000003,41.95169018677316
581,581,14.420959197260531,37.77281599999997,-122.41488100000004,41.95169018677316
582,582,17.201635475490626,37.77281599999997,-122.41108100000004,41.95169018677316
583,583,16.616571523595827,37.77281599999997,-122.40728100000004,41.95169018677316
584,584,20.543682884631057,37.77281599999997,-122.40348100000006,41.95169018677316
585,585,24.721114040084565,37.77281599999997,-122.39968100000006,41.95169018677316
586,586,25.72366009691574,37.77281599999997,-122.39588100000006,41.95169018677316
587,587,28.179348323709476,37.77281599999997,-122.39208100000006,41.95169018677316
588,588,29.259443583931404,37.77281599999997,-122.38828100000006,41.95169018677316
589,589,28.3110074696802,37.77661599999997,-122.509881,31.60717054347155
590,590,26.1990266165072,37.77661599999997,-122.506081,31.60717054347155
591,591,23.872618599914105,37.77661599999997,-122.502281,31.60717054347155
592,592,23.130195262094173,37.77661599999997,-122.498481,31.60717054347155
593,593,19.32502540179227,37.77661599999997,-122.494681,31.60717054347155
594,594,17.710902057240276,37.77661599999997,-122.49088100000002,31.60717054347155
595,595,16.881941611918855,37.77661599999997,-122.48708100000002,31.60717054347155
596,596,18.077114302066462,37.77661599999997,-122.48328100000002,31.60717054347155
597,597,16.598012515746504,37.77661599999997,-122.47948100000002,31.60717054347155
598,598,19.55476243140228,37.77661599999997,-122.47568100000002,31.60717054347155
599,599,19.47826285461012,37.77661599999997,-122.47188100000002,31.60717054347155
600,600,19.49743553149574,37.77661599999997,-122.46808100000004,31.60717054347155
601,601,18.861680957476757,37.77661599999997,-122.46428100000004,31.60717054347155
602,602,17.886071927825903,37.77661599999997,-122.46048100000004,31.60717054347155
603,603,18.4950550387515,37.77661599999997,-122.45668100000005,31.60717054347155
604,604,18.81713916969681,37.77661599999997,-122.45288100000003,31.60717054347155
605,605,18.41581438880244,37.77661599999997,-122.44908100000004,31.60717054347155
606,606,18.85392327591143,37.77661599999997,-122.44528100000004,26.33930878622629
607,607,18.24679843930243,37.77661599999997,-122.44148100000004,26.33930878622629
608,608,17.575934084300396,37.77661599999997,-122.43768100000004,30.436534597417047
609,609,16.83178272490994,37.77661599999997,-122.43388100000004,30.436534597417047
610,610,16.556789332442296,37.77661599999997,-122.43008100000004,30.436534597417047
611,611,14.961065782082418,37.77661599999997,-122.42628100000005,30.436534597417047
612,612,11.98477561392694,37.77661599999997,-122.42248100000003,30.436534597417047
613,613,10.749654839363552,37.77661599999997,-122.41868100000003,41.95169018677316
614,614,11.070573571883846,37.77661599999997,-122.41488100000004,41.95169018677316
615,615,13.906477050867474,37.77661599999997,-122.41108100000004,41.95169018677316
616,616,18.48303485532404,37.77661599999997,-122.40728100000004,41.95169018677316
617,617,22.9706353643423,37.77661599999997,-122.40348100000006,41.95169018677316
618,618,21.331321772117214,37.77661599999997,-122.39968100000006,41.95169018677316
619,619,22.03565288968819,37.77661599999997,-122.39588100000006,41.95169018677316
620,620,25.47516385850657,37.77661599999997,-122.39208100000006,41.95169018677316
621,621,30.48252504348652,37.77661599999997,-122.38828100000006,41.95169018677316
622,622,28.074168944098563,37.78041599999997,-122.509881,31.60717054347155
623,623,24.23868353172569,37.78041599999997,-122.506081,31.60717054347155
624,624,21.299339564336645,37.78041599999997,-122.502281,31.60717054347155
625,625,21.03246900383282,37.78041599999997,-122.498481,31.60717054347155
626,626,17.1813986374146,37.78041599999997,-122.494681,31.60717054347155
627,627,17.402087104114266,37.78041599999997,-122.49088100000002,31.60717054347155
628,628,19.27579655909216,37.78041599999997,-122.48708100000002,31.60717054347155
629,629,17.273541051289683,37.78041599999997,-122.48328100000002,31.60717054347155
630,630,16.941125654551684,37.78041599999997,-122.47948100000002,31.60717054347155
631,631,17.923537223978048,37.78041599999997,-122.47568100000002,31.60717054347155
632,632,16.854940657255604,37.78041599999997,-122.47188100000002,31.60717054347155
633,633,16.95118234141264,37.78041599999997,-122.46808100000004,31.60717054347155
634,634,17.280518970518834,37.78041599999997,-122.46428100000004,31.60717054347155
635,635,18.608585490339223,37.78041599999997,-122.46048100000004,31.60717054347155
636,636,16.874037722750625,37.78041599999997,-122.45668100000005,26.33930878622629
637,637,18.72352831404699,37.78041599999997,-122.45288100000003,26.33930878622629
638,638,18.959174152004035,37.78041599999997,-122.44908100000004,31.60717054347155
639,639,18.49108502922032,37.78041599999997,-122.44528100000004,26.33930878622629
640,640,17.954782784649108,37.78041599999997,-122.44148100000004,26.33930878622629
641,641,16.291948645481437,37.78041599999997,-122.43768100000004,30.436534597417047
642,642,15.912777990895956,37.78041599999997,-122.43388100000004,30.436534597417047
643,643,14.340547731053633,37.78041599999997,-122.43008100000004,30.436534597417047
644,644,11.99818025986754,37.78041599999997,-122.42628100000005,30.436534597417047
645,645,7.663092525017589,37.78041599999997,-122.42248100000003,30.436534597417047
646,646,5.459252199701509,37.78041599999997,-122.41868100000003,30.436534597417047
647,647,6.869422679533174,37.78041599999997,-122.41488100000004,30.436534597417047
648,648,11.365099040933492,37.78041599999997,-122.41108100000004,41.95169018677316
649,649,15.926066043946204,37.78041599999997,-122.40728100000004,41.95169018677316
650,650,18.15762125072741,37.78041599999997,-122.40348100000006,41.95169018677316
651,651,16.553050849879707,37.78041599999997,-122.39968100000006,41.95169018677316
652,652,21.76659002739116,37.78041599999997,-122.39588100000006,41.95169018677316
653,653,27.03231167218288,37.78041599999997,-122.39208100000006,41.95169018677316
654,654,28.165572932865068,37.78041599999997,-122.38828100000006,41.95169018677316
655,655,25.373175984001,37.784215999999965,-122.506081,31.60717054347155
656,656,23.9577177341893,37.784215999999965,-122.502281,31.60717054347155
657,657,21.93071572561032,37.784215999999965,-122.498481,31.60717054347155
658,658,19.084101133642115,37.784215999999965,-122.494681,31.60717054347155
659,659,16.41112213487928,37.784215999999965,-122.49088100000002,31.60717054347155
660,660,19.00337441808461,37.784215999999965,-122.48708100000002,31.60717054347155
661,661,20.45349585601219,37.784215999999965,-122.48328100000002,31.60717054347155
662,662,16.081526077653272,37.784215999999965,-122.47948100000002,31.60717054347155
663,663,16.075929807403792,37.784215999999965,-122.47568100000002,0.0
664,664,16.131188395675213,37.784215999999965,-122.47188100000002,31.60717054347155
665,665,18.664440531095813,37.784215999999965,-122.46808100000004,31.60717054347155
666,666,17.216016601083478,37.784215999999965,-122.46428100000004,31.60717054347155
667,667,21.42965853091455,37.784215999999965,-122.46048100000004,31.60717054347155
668,668,18.296175678833144,37.784215999999965,-122.45668100000005,26.33930878622629
669,669,20.00479833727455,37.784215999999965,-122.45288100000003,26.33930878622629
670,670,20.650631289039715,37.784215999999965,-122.44908100000004,26.33930878622629
671,671,18.616453265721088,37.784215999999965,-122.44528100000004,30.436534597417047
672,672,18.38433207950065,37.784215999999965,-122.44148100000004,30.436534597417047
673,673,16.732699199516382,37.784215999999965,-122.43768100000004,30.436534597417047
674,674,14.198133803848282,37.784215999999965,-122.43388100000004,30.436534597417047
675,675,14.662508550242343,37.784215999999965,-122.43008100000004,30.436534597417047
676,676,10.793345649409837,37.784215999999965,-122.42628100000005,26.33930878622629
677,677,5.52758662024522,37.784215999999965,-122.42248100000003,26.33930878622629
678,678,3.0758444844119697,37.784215999999965,-122.41868100000003,30.436534597417047
679,679,5.874358019423379,37.784215999999965,-122.41488100000004,30.436534597417047
680,680,9.097881255990623,37.784215999999965,-122.41108100000004,30.436534597417047
681,681,11.20891215384405,37.784215999999965,-122.40728100000004,41.95169018677316
682,682,13.758768027560077,37.784215999999965,-122.40348100000006,41.95169018677316
683,683,18.07580459546268,37.784215999999965,-122.39968100000006,41.95169018677316
684,684,22.61962782963888,37.784215999999965,-122.39588100000006,41.95169018677316
685,685,27.639851039703263,37.784215999999965,-122.39208100000006,41.95169018677316
686,686,25.101986993701303,37.784215999999965,-122.38828100000006,41.95169018677316
687,687,21.344117063338487,37.78801599999996,-122.49088100000002,31.60717054347155
688,688,20.916935964669538,37.78801599999996,-122.48708100000002,31.60717054347155
689,689,17.31177532214756,37.78801599999996,-122.48328100000002,26.33930878622629
690,690,20.265586952841613,37.78801599999996,-122.47948100000002,26.33930878622629
691,691,20.59427884064518,37.78801599999996,-122.47568100000002,26.33930878622629
692,692,20.12726595126344,37.78801599999996,-122.47188100000002,26.33930878622629
693,693,21.57374153306521,37.78801599999996,-122.46808100000004,26.33930878622629
694,694,20.34526425369012,37.78801599999996,-122.46428100000004,31.60717054347155
695,695,22.098580798128918,37.78801599999996,-122.46048100000004,31.60717054347155
696,696,17.922518611602747,37.78801599999996,-122.45668100000005,26.33930878622629
697,697,19.269760967232624,37.78801599999996,-122.45288100000003,26.33930878622629
698,698,18.26585101998996,37.78801599999996,-122.44908100000004,26.33930878622629
699,699,18.455898774609352,37.78801599999996,-122.44528100000004,26.33930878622629
700,700,16.934498214855555,37.78801599999996,-122.44148100000004,26.33930878622629
701,701,17.26083167697448,37.78801599999996,-122.43768100000004,26.33930878622629
702,702,16.981587240696953,37.78801599999996,-122.43388100000004,26.33930878622629
703,703,16.43983963822038,37.78801599999996,-122.43008100000004,30.436534597417047
704,704,11.765282867106514,37.78801599999996,-122.42628100000005,30.436534597417047
705,705,7.15145817314736,37.78801599999996,-122.42248100000003,26.33930878622629
706,706,5.486504560493402,37.78801599999996,-122.41868100000003,28.095262705308045
707,707,7.291865580910656,37.78801599999996,-122.41488100000004,28.095262705308045
708,708,9.77533647298043,37.78801599999996,-122.41108100000004,28.095262705308045
709,709,10.679698115522369,37.78801599999996,-122.40728100000004,28.095262705308045
710,710,11.521605432880971,37.78801599999996,-122.40348100000006,28.095262705308045
711,711,16.212424896563213,37.78801599999996,-122.39968100000006,41.95169018677316
712,712,20.60994389074039,37.78801599999996,-122.39588100000006,41.95169018677316
713,713,23.870056273967904,37.78801599999996,-122.39208100000006,41.95169018677316
714,714,25.00720569728751,37.78801599999996,-122.38828100000006,41.95169018677316
715,715,24.081305929081942,37.79181599999996,-122.48708100000002,0.0
716,716,19.569708222507,37.79181599999996,-122.48328100000002,26.33930878622629
717,717,19.082746899338943,37.79181599999996,-122.47948100000002,26.33930878622629
718,718,24.41904320377081,37.79181599999996,-122.47568100000002,26.33930878622629
719,719,25.42786825051437,37.79181599999996,-122.47188100000002,26.33930878622629
720,720,26.21105559109789,37.79181599999996,-122.46808100000004,26.33930878622629
721,721,25.70649985364969,37.79181599999996,-122.46428100000004,26.33930878622629
722,722,25.21288477550727,37.79181599999996,-122.46048100000004,26.33930878622629
723,723,23.276569146059185,37.79181599999996,-122.45668100000005,26.33930878622629
724,724,23.9757940204666,37.79181599999996,-122.45288100000003,26.33930878622629
725,725,19.32226804642853,37.79181599999996,-122.44908100000004,26.33930878622629
726,726,19.855654115274326,37.79181599999996,-122.44528100000004,26.33930878622629
727,727,19.32014043365497,37.79181599999996,-122.44148100000004,26.33930878622629
728,728,19.08893296663944,37.79181599999996,-122.43768100000004,26.33930878622629
729,729,17.75225297470698,37.79181599999996,-122.43388100000004,26.33930878622629
730,730,18.691597509006343,37.79181599999996,-122.43008100000004,26.33930878622629
731,731,14.226954899905923,37.79181599999996,-122.42628100000005,26.33930878622629
732,732,9.61553878626587,37.79181599999996,-122.42248100000003,28.095262705308045
733,733,10.722191080413433,37.79181599999996,-122.41868100000003,28.095262705308045
734,734,10.996039190766846,37.79181599999996,-122.41488100000004,28.095262705308045
735,735,14.607448329289491,37.79181599999996,-122.41108100000004,28.095262705308045
736,736,15.845396235648485,37.79181599999996,-122.40728100000004,28.095262705308045
737,737,16.308363859856936,37.79181599999996,-122.40348100000006,28.095262705308045
738,738,15.98487430780818,37.79181599999996,-122.39968100000006,28.095262705308045
739,739,17.014915020979856,37.79181599999996,-122.39588100000006,41.95169018677316
740,740,20.802069655444637,37.79181599999996,-122.39208100000006,41.95169018677316
741,741,23.74052319922107,37.79181599999996,-122.38828100000006,0.0
742,742,22.901851187827763,37.79561599999996,-122.48328100000002,0.0
743,743,22.3515492481745,37.79561599999996,-122.47948100000002,26.33930878622629
744,744,25.917426125907568,37.79561599999996,-122.47568100000002,26.33930878622629
745,745,30.7027642200218,37.79561599999996,-122.47188100000002,26.33930878622629
746,746,31.29822865266216,37.79561599999996,-122.46808100000004,26.33930878622629
747,747,31.06773882780666,37.79561599999996,-122.46428100000004,26.33930878622629
748,748,29.823717646587664,37.79561599999996,-122.46048100000004,26.33930878622629
749,749,26.78738054810021,37.79561599999996,-122.45668100000005,26.33930878622629
750,750,21.679499670121423,37.79561599999996,-122.45288100000003,26.33930878622629
751,751,20.972583658083657,37.79561599999996,-122.44908100000004,26.33930878622629
752,752,20.023116531589203,37.79561599999996,-122.44528100000004,26.33930878622629
753,753,19.279458661075108,37.79561599999996,-122.44148100000004,26.33930878622629
754,754,18.664248622409996,37.79561599999996,-122.43768100000004,26.33930878622629
755,755,20.793349758224576,37.79561599999996,-122.43388100000004,26.33930878622629
756,756,20.29685276121234,37.79561599999996,-122.43008100000004,26.33930878622629
757,757,15.02056906395116,37.79561599999996,-122.42628100000005,26.33930878622629
758,758,12.067159778335569,37.79561599999996,-122.42248100000003,28.095262705308045
759,759,14.168491476207196,37.79561599999996,-122.41868100000003,28.095262705308045
760,760,14.584727791177231,37.79561599999996,-122.41488100000004,28.095262705308045
761,761,18.387561260971893,37.79561599999996,-122.41108100000004,28.095262705308045
762,762,20.647403471108262,37.79561599999996,-122.40728100000004,28.095262705308045
763,763,19.02458731537837,37.79561599999996,-122.40348100000006,28.095262705308045
764,764,19.90396630293514,37.79561599999996,-122.39968100000006,28.095262705308045
765,765,17.901127492679922,37.79561599999996,-122.39588100000006,28.095262705308045
766,766,27.79151524606264,37.79941599999996,-122.48328100000002,0.0
767,767,27.49943858928125,37.79941599999996,-122.47948100000002,26.33930878622629
768,768,29.69867254235402,37.79941599999996,-122.47568100000002,26.33930878622629
769,769,33.41974328761908,37.79941599999996,-122.47188100000002,26.33930878622629
770,770,36.51878472838333,37.79941599999996,-122.46808100000004,26.33930878622629
771,771,36.42897850659098,37.79941599999996,-122.46428100000004,26.33930878622629
772,772,32.7070900939187,37.79941599999996,-122.46048100000004,26.33930878622629
773,773,27.77947366047273,37.79941599999996,-122.45668100000005,26.33930878622629
774,774,23.8988109380122,37.79941599999996,-122.45288100000003,26.33930878622629
775,775,21.994357215867986,37.79941599999996,-122.44908100000004,26.33930878622629
776,776,22.41896372910297,37.79941599999996,-122.44528100000004,26.33930878622629
777,777,22.54191275073265,37.79941599999996,-122.44148100000004,26.33930878622629
778,778,21.932570765088467,37.79941599999996,-122.43768100000004,26.33930878622629
779,779,22.36482979551522,37.79941599999996,-122.43388100000004,26.33930878622629
780,780,21.45999186701986,37.79941599999996,-122.43008100000004,26.33930878622629
781,781,16.519753771786757,37.79941599999996,-122.42628100000005,26.33930878622629
782,782,15.438074322221793,37.79941599999996,-122.42248100000003,28.095262705308045
783,783,19.428016353556973,37.79941599999996,-122.41868100000003,28.095262705308045
784,784,19.75129739957935,37.79941599999996,-122.41488100000004,28.095262705308045
785,785,21.979907743513778,37.79941599999996,-122.41108100000004,28.095262705308045
786,786,21.402980921375583,37.79941599999996,-122.40728100000004,28.095262705308045
787,787,21.873303607509715,37.79941599999996,-122.40348100000006,28.095262705308045
788,788,24.494742845810784,37.79941599999996,-122.39968100000006,28.095262705308045
789,789,32.04596074955258,37.80321599999996,-122.47948100000002,26.33930878622629
790,790,29.877712868605517,37.80321599999996,-122.47568100000002,26.33930878622629
791,791,32.032504800232694,37.80321599999996,-122.47188100000002,26.33930878622629
792,792,36.02225441438996,37.80321599999996,-122.46808100000004,26.33930878622629
793,793,39.76063586488358,37.80321599999996,-122.46428100000004,26.33930878622629
794,794,35.2179211515459,37.80321599999996,-122.46048100000004,26.33930878622629
795,795,31.335453116966157,37.80321599999996,-122.45668100000005,26.33930878622629
796,796,27.821649804319648,37.80321599999996,-122.45288100000003,26.33930878622629
797,797,27.0011104264825,37.80321599999996,-122.44908100000004,26.33930878622629
798,798,27.439138101086943,37.80321599999996,-122.44528100000004,26.33930878622629
799,799,27.87096664535497,37.80321599999996,-122.44148100000004,26.33930878622629
800,800,26.66944002334161,37.80321599999996,-122.43768100000004,26.33930878622629
801,801,27.24226750462657,37.80321599999996,-122.43388100000004,26.33930878622629
802,802,22.41204798171924,37.80321599999996,-122.43008100000004,26.33930878622629
803,803,17.16634472623542,37.80321599999996,-122.42628100000005,26.33930878622629
804,804,17.858779185987018,37.80321599999996,-122.42248100000003,26.33930878622629
805,805,22.70666873831022,37.80321599999996,-122.41868100000003,28.095262705308045
806,806,22.766276424562705,37.80321599999996,-122.41488100000004,28.095262705308045
807,807,26.2010943108644,37.80321599999996,-122.41108100000004,28.095262705308045
808,808,26.705867907490845,37.80321599999996,-122.40728100000004,28.095262705308045
809,809,26.6768039462663,37.80321599999996,-122.40348100000006,28.095262705308045
810,810,30.115384036963988,37.80701599999996,-122.47948100000002,0.0
811,811,25.560065880009,37.80701599999996,-122.47568100000002,26.33930878622629
812,812,28.9671483879298,37.80701599999996,-122.47188100000002,26.33930878622629
813,813,34.292349200487635,37.80701599999996,-122.46808100000004,0.0
814,814,39.64294862609904,37.80701599999996,-122.46428100000004,0.0
815,815,38.88538260969062,37.80701599999996,-122.46048100000004,0.0
816,816,35.23087435338619,37.80701599999996,-122.45668100000005,0.0
817,817,32.79571858064998,37.80701599999996,-122.45288100000003,0.0
818,818,32.29985251930366,37.80701599999996,-122.44908100000004,0.0
819,819,32.63053291682177,37.80701599999996,-122.44528100000004,0.0
820,820,33.22281536740052,37.80701599999996,-122.44148100000004,0.0
821,821,29.29468870427583,37.80701599999996,-122.43768100000004,26.33930878622629
822,822,28.14825402284,37.80701599999996,-122.43388100000004,0.0
823,823,23.02502369307781,37.80701599999996,-122.43008100000004,26.33930878622629
824,824,18.899665643129428,37.80701599999996,-122.42628100000005,26.33930878622629
825,825,19.683388791070524,37.80701599999996,-122.42248100000003,26.33930878622629
826,826,21.653596825066867,37.80701599999996,-122.41868100000003,28.095262705308045
827,827,24.09528582096773,37.80701599999996,-122.41488100000004,28.095262705308045
828,828,25.73467711834889,37.80701599999996,-122.41108100000004,28.095262705308045
